<?xml version="1.0" encoding="UTF-8"?>
<project-private xmlns="http://www.netbeans.org/ns/project-private/1">
    <editor-bookmarks xmlns="http://www.netbeans.org/ns/editor-bookmarks/2" lastBookmarkId="0"/>
    <open-files xmlns="http://www.netbeans.org/ns/projectui-open-files/2">
        <group>
            <file>file:/C:/Users/Ahmed%20Israr/Desktop/Opp%20Project/Cargo%20Management%20System/src/Model/Shipment.java</file>
            <file>file:/C:/Users/Ahmed%20Israr/Desktop/Opp%20Project/Cargo%20Management%20System/src/Model/Product.java</file>
            <file>file:/C:/Users/Ahmed%20Israr/Desktop/Opp%20Project/Cargo%20Management%20System/src/Model/Login.java</file>
            <file>file:/C:/Users/Ahmed%20Israr/Desktop/Opp%20Project/Cargo%20Management%20System/src/Model/Customer.java</file>
            <file>file:/C:/Users/Ahmed%20Israr/Desktop/Opp%20Project/Cargo%20Management%20System/src/View_Controller/Users.java</file>
            <file>file:/C:/Users/Ahmed%20Israr/Desktop/Opp%20Project/Cargo%20Management%20System/src/View_Controller/Home.java</file>
            <file>file:/C:/Users/Ahmed%20Israr/Desktop/Opp%20Project/Cargo%20Management%20System/src/View_Controller/ViewShipment.java</file>
            <file>file:/C:/Users/Ahmed%20Israr/Desktop/Opp%20Project/Cargo%20Management%20System/src/Model/Validator.java</file>
            <file>file:/C:/Users/Ahmed%20Israr/Desktop/Opp%20Project/Cargo%20Management%20System/src/View_Controller/Customer.java</file>
            <file>file:/C:/Users/Ahmed%20Israr/Desktop/Opp%20Project/Cargo%20Management%20System/src/View_Controller/Product.java</file>
            <file>file:/C:/Users/Ahmed%20Israr/Desktop/Opp%20Project/Cargo%20Management%20System/src/View_Controller/Freight_Rate.java</file>
            <file>file:/C:/Users/Ahmed%20Israr/Desktop/Opp%20Project/Cargo%20Management%20System/src/Model/Profile.java</file>
            <file>file:/C:/Users/Ahmed%20Israr/Desktop/Opp%20Project/Cargo%20Management%20System/src/View_Controller/Shipment.java</file>
            <file>file:/C:/Users/Ahmed%20Israr/Desktop/Opp%20Project/Cargo%20Management%20System/src/Model/Billing.java</file>
            <file>file:/C:/Users/Ahmed%20Israr/Desktop/Opp%20Project/Cargo%20Management%20System/src/Model/DatabaseHandler.java</file>
            <file>file:/C:/Users/Ahmed%20Israr/Desktop/Opp%20Project/Cargo%20Management%20System/src/Model/Freight.java</file>
            <file>file:/C:/Users/Ahmed%20Israr/Desktop/Opp%20Project/Cargo%20Management%20System/src/Model/Container.java</file>
            <file>file:/C:/Users/Ahmed%20Israr/Desktop/Opp%20Project/Cargo%20Management%20System/src/View_Controller/Login.java</file>
            <file>file:/C:/Users/Ahmed%20Israr/Desktop/Opp%20Project/Cargo%20Management%20System/src/Model/Users.java</file>
        </group>
    </open-files>
</project-private>
